{
    "accuracy": 0.7423392317652137,
    "f1_score": 0.7342600474557243,
    "precision": 0.7860955124170983,
    "recall": 0.7467184028864935,
    "roc_auc": 0.8526634089248706,
    "confusion_matrix": [
        [
            2124,
            140
        ],
        [
            1054,
            1316
        ]
    ],
    "classification_report": {
        "REAL": {
            "precision": 0.6683448709880428,
            "recall": 0.9381625441696113,
            "f1-score": 0.7805953693495039,
            "support": 2264.0
        },
        "FAKE": {
            "precision": 0.9038461538461539,
            "recall": 0.5552742616033756,
            "f1-score": 0.6879247255619446,
            "support": 2370.0
        },
        "accuracy": 0.7423392317652137,
        "macro avg": {
            "precision": 0.7860955124170983,
            "recall": 0.7467184028864935,
            "f1-score": 0.7342600474557243,
            "support": 4634.0
        },
        "weighted avg": {
            "precision": 0.7887889884618717,
            "recall": 0.7423392317652137,
            "f1-score": 0.7332001544646279,
            "support": 4634.0
        }
    }
}