{
    "train_loss": [
        0.48689042980563907,
        0.3951635340800133,
        0.37458835327589424,
        0.3494961374936791,
        0.32069821574641216,
        0.29658972516905446,
        0.27546951300950234,
        0.26142232423227824,
        0.24884089061759598,
        0.24413501453106204
    ],
    "val_loss": [
        0.24306836946598134,
        0.19604657272404433,
        0.11027026457005153,
        0.08711707226898929,
        0.08866569298059218,
        0.05191121234762589,
        0.03405125427618209,
        0.033711541981915345,
        0.04263545014171175,
        0.030099210273981603
    ],
    "val_acc": [
        0.8924800889053528,
        0.9223930357473606,
        0.9591591035376922,
        0.969253565475088,
        0.964900907575477,
        0.981385441748472,
        0.9893498796073347,
        0.9887016114095203,
        0.9855528801629931,
        0.9897203185775143
    ],
    "val_f1": [
        0.8920854319209296,
        0.9221462044063031,
        0.9591523347609074,
        0.9692436377033851,
        0.9648633564431408,
        0.9813843942327147,
        0.9893495828307148,
        0.9887013075186897,
        0.9855510357009045,
        0.98971992279251
    ],
    "val_precision": [
        0.8982772722150325,
        0.9277899340503681,
        0.9594704541267146,
        0.9698506647716374,
        0.9669143017897156,
        0.9814979179703908,
        0.9894073551567588,
        0.9887570665044669,
        0.985807133311128,
        0.989799182880575
    ],
    "val_recall": [
        0.8924689185294965,
        0.9223826382885294,
        0.9591615207278417,
        0.9692502710194448,
        0.9649069957323013,
        0.9813868648196178,
        0.9893508912766045,
        0.988702605903421,
        0.9855550066554142,
        0.9897215017907867
    ],
    "val_roc_auc": [
        0.9715226146858232,
        0.985976081676341,
        0.9935127207607757,
        0.9970879475251466,
        0.9988189384271265,
        0.9986817133917912,
        0.9994620435552262,
        0.9994330204602528,
        0.9994778244342897,
        0.9996045689075516
    ],
    "lr": [
        9.999999999999999e-05,
        0.00019999999999999998,
        0.0003,
        0.00028564048584585073,
        0.0002454060212695163,
        0.00018726553542366555,
        0.0001227344645763344,
        6.459397873048363e-05,
        2.4359514154149237e-05,
        1e-05
    ]
}