{
    "accuracy": 0.6018558480794131,
    "f1_score": 0.5365958557352952,
    "precision": 0.7754928206376247,
    "recall": 0.6107594936708861,
    "confusion_matrix": [
        [
            2264,
            0
        ],
        [
            1845,
            525
        ]
    ],
    "classification_report": {
        "REAL": {
            "precision": 0.5509856412752494,
            "recall": 1.0,
            "f1-score": 0.7104974109524557,
            "support": 2264.0
        },
        "FAKE": {
            "precision": 1.0,
            "recall": 0.22151898734177214,
            "f1-score": 0.3626943005181347,
            "support": 2370.0
        },
        "accuracy": 0.6018558480794131,
        "macro avg": {
            "precision": 0.7754928206376247,
            "recall": 0.6107594936708861,
            "f1-score": 0.5365958557352952,
            "support": 4634.0
        },
        "weighted avg": {
            "precision": 0.780628289134045,
            "recall": 0.6018558480794131,
            "f1-score": 0.5326179608598055,
            "support": 4634.0
        }
    }
}