{
    "train_loss": [
        0.13368013590755184,
        0.05476176867586435,
        0.0420152306174359,
        0.032329779591810257,
        0.027559612274713128,
        0.025762562317892757,
        0.020669242460960788,
        0.01862857150618995,
        0.016118338046206368,
        0.015304885209811417,
        0.015323324430777042,
        0.012630983394121813,
        0.011698927895782045,
        0.011670037110418901,
        0.010015864213343452,
        0.009988699753735694,
        0.00941886914730385,
        0.010683290386039584,
        0.008953682798757103,
        0.009320423307748687,
        0.00831895394126999,
        0.008376015284384026,
        0.00790380712711799,
        0.006730293458928245,
        0.007781987300342395,
        0.007003865187717064,
        0.006614960370410132,
        0.007278066034013726,
        0.006913905117975551,
        0.005844623142399372,
        0.0057108458232528175,
        0.0072603575443788175,
        0.006137985235515062,
        0.006273747911070254,
        0.0056033784105139085,
        0.006320846381179646,
        0.0052220724822087975,
        0.0062107588052033634,
        0.00592299066500119,
        0.005510859614991864,
        0.005358867535564305,
        0.004982123643622572,
        0.00550456930537343,
        0.005144997277032102,
        0.004852583647262242,
        0.005891578902568354,
        0.005022185050579763,
        0.0047360425022021126,
        0.0046675963876319174,
        0.003926433762370769
    ],
    "val_loss": [
        0.05356104261896746,
        0.03971128974771565,
        0.01095179205303647,
        0.018034973512534982,
        0.00876542561386669,
        0.03988728201173558,
        0.005251265881569575,
        0.0048415226689398775,
        0.010605950075092008,
        0.02332402780774208,
        0.0034642467248862108,
        0.003702895534504836,
        0.003186585554060641,
        0.002344528750991882,
        0.008408232865097492,
        0.005751195932824785,
        0.0015561301710700281,
        0.010858252405089258,
        0.0022389559494491477,
        0.002150942719401868,
        0.0025208396415012106,
        0.001169842184396791,
        0.006171279639285592,
        0.0015358406689363658,
        0.0025075893850861793,
        0.0017010192116794717,
        0.02800911490512229,
        0.0012835415288368196,
        0.0019138063246455551,
        0.002070521842175619,
        0.004806638612718888,
        0.0026637961426954336,
        0.0009649919929173586,
        0.005998956135246548,
        0.0037418694076862373,
        0.0014214016912093078,
        0.0019484283982433924,
        0.001732031855379966,
        0.00235660136773931,
        0.004027371713465145,
        0.0016642920167508758,
        0.016356132926738577,
        0.0024309129998249727,
        0.0063138318318147636,
        0.0018435455588530522,
        0.00464876892372827,
        0.0033816998735684426,
        0.0012932369211112313,
        0.0055995369475681425,
        0.0019721207551241043
    ],
    "val_acc": [
        0.9808297832932025,
        0.9862937581033525,
        0.9963882200407483,
        0.9948138544174847,
        0.9964808297832932,
        0.9844415632524541,
        0.9985182441192814,
        0.9985182441192814,
        0.9971290979811076,
        0.9912946842007779,
        0.9987960733469161,
        0.9987034636043712,
        0.998888683089461,
        0.9993517318021856,
        0.9965734395258381,
        0.9979625856640119,
        0.9993517318021856,
        0.996758659010928,
        0.9993517318021856,
        0.9992591220596406,
        0.9992591220596406,
        0.9996295610298204,
        0.9976847564363771,
        0.9996295610298204,
        0.9992591220596406,
        0.9998147805149101,
        0.9919429523985923,
        0.9997221707723652,
        0.9995369512872754,
        0.9993517318021856,
        0.9984256343767365,
        0.9990739025745509,
        0.9995369512872754,
        0.997869975921467,
        0.9989812928320059,
        0.9995369512872754,
        0.9993517318021856,
        0.9994443415447305,
        0.9990739025745509,
        0.9987034636043712,
        0.9994443415447305,
        0.9952769031302093,
        0.9992591220596406,
        0.997869975921467,
        0.9993517318021856,
        0.9986108538618262,
        0.9987034636043712,
        0.9997221707723652,
        0.9979625856640119,
        0.9993517318021856
    ],
    "val_f1": [
        0.9808240321542638,
        0.9862917095630461,
        0.9963881974586195,
        0.9948137759547919,
        0.9964808293003748,
        0.9844410503001211,
        0.9985182428484427,
        0.9985182422892731,
        0.9971290772734558,
        0.9912942299352814,
        0.9987960720975227,
        0.9987034634264539,
        0.9988886824794587,
        0.9993517317966256,
        0.996573403525017,
        0.9979625800024152,
        0.9993517317966256,
        0.9967586556471766,
        0.9993517317521463,
        0.9992591218308899,
        0.999259122034224,
        0.999629561017112,
        0.9976847459320635,
        0.9996295609789868,
        0.9992591218308899,
        0.9998147805149101,
        0.9919426233915465,
        0.9997221707699824,
        0.9995369512515331,
        0.9993517317966256,
        0.9984256313386347,
        0.9990739024474671,
        0.9995369512833041,
        0.9978699678651212,
        0.9989812921243078,
        0.9995369512833041,
        0.9993517316631877,
        0.9994443414684803,
        0.9990739022886124,
        0.9987034624923874,
        0.9994443414684803,
        0.9952768690627822,
        0.9992591219579736,
        0.9978699678651212,
        0.9993517317521463,
        0.9986108518483402,
        0.9987034635598918,
        0.9997221707699824,
        0.9979625800024152,
        0.9993517317521463
    ],
    "val_precision": [
        0.9813979444337302,
        0.9865779739420926,
        0.9964020516105557,
        0.9948416880750061,
        0.9964813413593578,
        0.9845023653753515,
        0.9985205021908068,
        0.9985213574159169,
        0.9971449622398232,
        0.9914012509367613,
        0.998797613003571,
        0.998703566122862,
        0.9988902237872018,
        0.999351834632014,
        0.9965961361545539,
        0.9979672311611494,
        0.9993517318021856,
        0.9967613188996132,
        0.9993520745091158,
        0.999260081391047,
        0.9992593276684993,
        0.9996297667530545,
        0.9976950027659968,
        0.9996296638342497,
        0.9992594644870922,
        0.9998148148148148,
        0.9920198361431014,
        0.9997222736530272,
        0.9995372940958727,
        0.999351834632014,
        0.9984302862419205,
        0.9990740052074171,
        0.9995369512872754,
        0.9978786201807784,
        0.9989831761878352,
        0.9995370541425206,
        0.9993524514338575,
        0.9994448556624722,
        0.9990742448431476,
        0.9987046950302445,
        0.9994448556624722,
        0.9952927101994726,
        0.9992592247496946,
        0.9978764649702059,
        0.9993520745091158,
        0.9986144467023832,
        0.9987036690416667,
        0.9997222736530272,
        0.997969078700902,
        0.9993517660194893
    ],