{
    "accuracy": 0.9406560207164437,
    "f1_scores": {
        "REAL": 0.9422390254148288,
        "FAKE": 0.9389838029731529
    },
    "precision": {
        "REAL": 0.8982779335202242,
        "FAKE": 0.9901731399157697
    },
    "recall": {
        "REAL": 0.9907243816254417,
        "FAKE": 0.8928270042194093
    },
    "confusion_matrix": [
        [
            2243,
            21
        ],
        [
            254,
            2116
        ]
    ],
    "cm_analysis": {
        "True Positives (FAKE)": 