{
    "train_loss": [
        0.2585243704671277,
        0.17223411005540704,
        0.13310347683776153,
        0.11274757597526157,
        0.101026840118207,
        0.08912199806791717,
        0.08118869548700358,
        0.07608919676025486,
        0.07227966442760357,
        0.06591890865337756,
        0.06251010889667345,
        0.061510938619047106,
        0.059240351840036065,
        0.05624343803991265,
        0.05144347843294923,
        0.052650759618301644,
        0.04731457607449733,
        0.050163522846057615,
        0.04572322123411643,
        0.04687718400258016,
        0.043218758134248476,
        0.04358887264888996,
        0.04486456161673498,
        0.04173145788377054,
        0.0405469267720186,
        0.04098763358005195,
        0.039811090095871124,
        0.040701820597014396,
        0.03819552500392433,
        0.03805058102068424,
        0.03876957796090853,
        0.03742085459619256,
        0.03861219234615124,
        0.03579311593659709,
        0.036480385088947916,
        0.03667109703732561,
        0.03671751993739814,
        0.0328665595256434,
        0.03289862691722004,
        0.03615202097829005,
        0.03391129248444602,
        0.032993861350246914,
        0.03309836577674672,
        0.03334994247841143,
        0.03134358320825757,
        0.03220853549761498,
        0.033422607423376674,
        0.03104836059302953,
        0.0317160966091966,
        0.03111430166691505
    ],
    "val_loss": [
        0.12056230874582062,
        0.08602532262169205,
        0.06296496547497761,
        0.05046330423315649,
        0.03906612942807044,
        0.03693864016677145,
        0.04558595245958318,
        0.029307076776331036,
        0.031749627923670205,
        0.03649307712312263,
        0.023586976668673758,
        0.028187335564479422,
        0.03152644593558604,
        0.017676702609713667,
        0.03326294930263402,
        0.021553158654233177,
        0.03238773060497931,
        0.023478988174162642,
        0.0185570797609396,
        0.042243894990952144,
        0.017380475818776418,
        0.013362352505870864,
        0.026932082897822205,
        0.02155034197695457,
        0.027182000672194902,
        0.017753979082013684,
        0.025145702761412054,
        0.022357801057583726,
        0.019081002105694134,
        0.024845020412532753,
        0.02020900425494365,
        0.042537214761795644,
        0.02149478034977098,
        0.00982173768277607,
        0.01873498310469616,
        0.020213754380388856,
        0.01628263233464435,
        0.02484739445117814,
        0.018480633849945374,
        0.0159142326533121,
        0.014167046351816842,
        0.013958363023265637,
        0.015668773318977806,
        0.011226675064985205,
        0.06706402663927484,
        0.018881898961427595,
        0.0465267130910012,
        0.014677468305337114,
        0.011950670715094302,
        0.01522862077942321
    ],
    "val_acc": [
        0.9547138358955362,
        0.9664752731987405,
        0.9777736617892202,
        0.9799962956102982,
        0.986849416558622,
        0.9881459529542508,
        0.9828671976291906,
        0.9904611965178737,
        0.9895350990924245,
        0.987868123726616,
        0.9929616595665864,
        0.9909242452305983,
        0.9899055380626042,
        0.9943508057047601,
        0.9887942211520652,
        0.9926838303389517,
        0.9877755139840712,
        0.9913872939433228,
        0.9937025375069457,
        0.9829598073717355,
        0.9938877569920356,
        0.995647342100389,
        0.9908316354880533,
        0.9919429523985923,
        0.9897203185775143,
        0.9957399518429338,
        0.9912946842007779,
        0.9931468790516762,
        0.9931468790516762,
        0.9902759770327838,
        0.9931468790516762,
        0.9825893684015559,
        0.9922207816262271,
        0.996758659010928,
        0.9932394887942212,
        0.9919429523985923,
        0.9938877569920356,
        0.9909242452305983,
        0.9930542693091313,
        0.9936099277644008,
        0.9959251713280237,
        0.9947212446749398,
        0.9942581959622152,
        0.9961103908131136,
        0.9755510279681423,
        0.9938877569920356,
        0.9854602704204483,
        0.9959251713280237,
        0.996758659010928,
        0.9950916836451195
    ],
    "val_f1": [
        0.9547106193291427,
        0.9664746107234904,
        0.9777692567019833,
        0.9799938247970937,
        0.9868484198986982,
        0.9881458488463304,
        0.9828631962375021,
        0.9904610720829933,
        0.9895345669204387,
        0.9878666001419102,
        0.9929616557032384,
        0.990924244919243,
        0.9899049125136647,
        0.9943507703839944,
        0.9887941864573004,
        0.9926838076869978,
        0.9877740040426684,
        0.9913871928176261,
        0.9937025321058819,
        0.9829560652045766,
        0.9938877517498265,
        0.9956473223522793,
        0.9908312611007253,
        0.9919427118480876,
        0.9897199686412976,
        0.9957399516967875,
        0.9912945396533233,
        0.9931466947244512,
        0.9931466230128387,
        0.9902751262081115,
        0.9931468731740478,
        0.9825843114400298,
        0.9922207215786929,
        0.9967586543127938,
        0.9932394094159861,
        0.9919427118480876,
        0.9938876812936639,
        0.990923614692552,
        0.9930541019715466,
        0.9936099079797829,
        0.9959251700698942,
        0.9947211892142154,
        0.9942580302974164,
        0.9961103607893464,
        0.975539144617615,
        0.9938877561532827,
        0.9854577908185138,
        0.9959251623813082,
        0.9967586543127938,
        0.9950916431900578
    ],
    "val_precision": [
        0.9548386829996575,
        0.9665098202929483,
        0.9781602848774035,
        0.980227554175316,
        0.9870018286780423,
        0.9881615150691774,
        0.98332695491618,
        0.9904888055795742,
        0.989638634055513,
        0.9881194572023089,
        0.9929623681676915,
        0.990924244919243,
        0.9900313484356923,
        0.9943645824745817,
        0.988801271791591,
        0.9926889979329221,
        0.9880227125448264,
        0.9914085249008462,
        0.9937037550361727,
        0.9833763106065392,
        0.9938889750359531,
        0.9956575481690817,
        0.9909153594042279,
        0.9920047454159548,
        0.9897838444730664,
        0.9957401563652262,
        0.9913251124836314,
        0.9931971178654792,
        0.9932239851949816,
        0.9904527801885575,
        0.9931480950368313,
        0.9831598349935098,
        0.9922344859196195,
        0.9967622393971938,
        0.9932645760701244,
        0.9920047454159548,
        0.9939103189561406,
        0.9910653129688425,
        0.9931045242987229,
        0.9936151056522693,
        0.9959261250550273,
        0.9947438589497255,
        0.9943182395219607,
        0.9961272790398323,
        0.9764650862103339,
        0.9938882663441326,
        0.9857987581257835,
        0.9959287420594123,
        0.9967622393971938,
        0.9951096255522258
    ],